{"cameraMode":{"drawMode":0,"name":"Shaded","section":"Shading Mode"},"sceneLighting":true,"audioPlay":false,"sceneViewState":{"showFog":true,"showMaterialUpdate":false,"showSkybox":true,"showFlares":true,"showImageEffects":true,"showParticleSystems":true},"in2DMode":false,"pivot":{"x":0.7147200107574463,"y":-1.3732103109359742,"z":0.8820090889930725},"rotation":{"x":0.21362292766571046,"y":-0.7321285605430603,"z":0.26509127020835879,"w":0.5899845957756043},"size":20.26958656311035,"orthographic":false}